EMPLOYEE_ID,FIRST_NAME,LAST_NAME,EMAIL,PHONE,DEPARTMENT,CITY,SOURCE_SYSTEM
E0001,David,Verma,david.verma1@company.com,9637637234,Finance,,PAYROLL
E0001,David,Verma,david.verma1@company.com,9637637234,Finance,Chennai,HRM
E0001,David,Verma,david.verma1@company.com,,,Chennai,ACTIVEDIRECTORYY
E0001,David,Verma,david.verma1@company.com,9637637234,,Chennai,CRM
E0002,Arun,Verma,arun.verma2@company.com,9338898955,Marketing,,PAYROLL
E0002,Arun,Verma,arun.verma2@company.com,9338898955,Marketing,Hyderabad,HRM
E0002,Arun,Verma,arun.verma2@company.com,9338898955,,Hyderabad,CRM
E0003,Ravi,Das,ravi.das3@company.com,9962388353,Finance,,PAYROLL
E0003,Ravi,Das,ravi.das3@company.com,,,Bengaluru,ACTIVEDIRECTORYY
E0004,Priya,Roy,priya.roy4@company.com,,,Hyderabad,ACTIVEDIRECTORYY
E0004,Priya,Roy,priya.roy4@corp.com,9184748096,Finance,Hyderabad,HRM
E0004,Priya,Roy,priya.roy4@company.com,9184748096,,Hyderabad,CRM
E0004,Priya,Roy,priya.roy4@company.com,9184748096,Finance,,PAYROLL
E0005,Deepa,Nair,deepa.nair5@company.com,,,Mumbai,ACTIVEDIRECTORYY
E0005,Deepa,Nair,deepa.nair5@company.com,9294138474,,Mumbai,CRM
E0005,Deepa,Nair,deepa.nair5@company.com,9294138474,Operations,Mumbai,HRM
E0006,Meena,Miller,meena.miller6@company.com,9284339916,,Bengaluru,CRM
E0006,Meena,Miller,meena.miller6@company.com,9284339916,Finance,,PAYROLL
E0007,John,Verma,john.verma7@company.com,9437977780,Finance,Chennai,HRM
E0007,John,Verma,john.verma7@company.com,,,Chennai,ACTIVEDIRECTORYY
E0007,John,Verma,john.verma7@company.com,9437977780,Finance,,PAYROLL
E0007,John,Verma,john.verma7@company.com,9437977700,,Chennai,CRM
E0008,Joh,Das,john.das8@company.com,,,Mumbai,ACTIVEDIRECTORYY
E0008,John,Das,john.das8@company.com,9299675000,,Mumbai,CRM
E0008,John,Das,john.das8@company.com,9299675031,Finance,,PAYROLL
E0008,John,Das,john.das8@company.com,9299675031,Finance,Mumbai,HRM
E0009,Nisha,Shah,nisha.shah9@company.com,,,Chennai,ACTIVEDIRECTORYY
E0009,Nisha,Shah,nisha.shah9@company.com,9359201416,,Chennai,CRM
E0009,Nisha,Shah,nisha.shah9@company.com,9359201416,Operations,Chennai,HRM
E0009,Nis,Shah,nisha.shah9@company.com,9359201416,Operations,,PAYROLL
E0010,Ajay,Joseph,ajay.joseph10@company.com,9947783944,,Pune,CRM
E0010,Ajay,Joseph,ajay.joseph10@corp.com,,,Pune,ACTIVEDIRECTORYY
E0010,Ajay,Joseph,ajay.joseph10@company.com,9947783944,HR,,PAYROLL
E0011,Ravi,Singh,ravi.singh11@corp.com,9793073200,IT,Pune,HRM
E0011,Ravi,Singh,ravi.singh11@company.com,9793073200,,Pune,CRM
E0011,Ravi,Singh,ravi.singh11@company.com,9793073200,IT,,PAYROLL
E0011,Ravi,Singh,ravi.singh11@company.com,,,Pune,ACTIVEDIRECTORYY
E0012,Ravi,Patel,ravi.patel12@company.com,9761523329,,Bengaluru,CRM
E0012,Ravi,Patel,ravi.patel12@corp.com,9761523329,Marketing,,PAYROLL
E0012,Rav,Patel,ravi.patel12@corp.com,9761523329,Marketing,Bengaluru,HRM
E0012,Ravi,Patel,ravi.patel12@company.com,,,Bengaluru,ACTIVEDIRECTORYY
E0013,Rahul,Joseph,rahul.joseph13@corp.com,9835753758,Operations,,PAYROLL
E0013,Rahul,Joseph,rahul.joseph13@company.com,9835753700,Operations,Bengaluru,HRM
E0013,Rahul,Joseph,rahul.joseph13@company.com,,,Bengaluru,ACTIVEDIRECTORYY
E0014,John,Joseph,john.joseph14@company.com,9665673548,IT,Pune,HRM
E0014,John,Joseph,john.joseph14@company.com,9665673548,,Pune,CRM
E0014,Joh,Joseph,john.joseph14@company.com,9665673500,IT,,PAYROLL
E0014,John,Joseph,john.joseph14@company.com,,,Pune,ACTIVEDIRECTORYY
E0015,Kiran,Lee,kiran.lee15@company.com,,,Hyderabad,ACTIVEDIRECTORYY
E0015,Kiran,Lee,kiran.lee15@company.com,9611699777,,Hyderabad,CRM
E0015,Kiran,Lee,kiran.lee15@company.com,9611699777,Operations,Hyderabad,HRM
E0016,Anita,Miller,anita.miller16@company.com,9320185995,Finance,,PAYROLL
E0016,Anita,Miller,anita.miller16@company.com,9320185995,Finance,Pune,HRM
E0017,Sneha,Miller,sneha.miller17@company.com,,,Chennai,ACTIVEDIRECTORYY
E0017,Sne,Miller,sneha.miller17@company.com,9603021159,,Chennai,CRM
E0018,Arun,Lee,arun.lee18@company.com,9298870400,,Delhi,CRM
E0018,Arun,Lee,arun.lee18@company.com,,,Delhi,ACTIVEDIRECTORYY
E0018,Arun,Lee,arun.lee18@company.com,9298870463,Finance,Delhi,HRM
E0019,Sne,Lee,sneha.lee19@company.com,9707271217,Sales,,PAYROLL
E0019,Sneha,Lee,sneha.lee19@company.com,,,Delhi,ACTIVEDIRECTORYY
E0019,Sneha,Lee,sneha.lee19@company.com,9707271217,,Delhi,CRM
E0019,Sneha,Lee,sneha.lee19@company.com,9707271217,Sales,Delhi,HRM
E0020,Dee,Kumar,deepa.kumar20@company.com,9394834035,IT,Pune,HRM
E0020,Dee,Kumar,deepa.kumar20@company.com,9394834035,,Pune,CRM
E0020,Deepa,Kumar,deepa.kumar20@company.com,,,Pune,ACTIVEDIRECTORYY
E0020,Deepa,Kumar,deepa.kumar20@company.com,9394834035,IT,,PAYROLL
E0021,Aru,Gupta,arun.gupta21@company.com,9303296272,,Delhi,CRM
E0021,Arun,Gupta,arun.gupta21@company.com,9303296272,Marketing,,PAYROLL
E0021,Arun,Gupta,arun.gupta21@company.com,9303296272,Marketing,Delhi,HRM
E0021,Aru,Gupta,arun.gupta21@company.com,,,Delhi,ACTIVEDIRECTORYY
E0022,Arun,Smith,arun.smith22@company.com,9488024792,Sales,,PAYROLL
E0022,Arun,Smith,arun.smith22@company.com,9488024792,Sales,Delhi,HRM
E0023,Rahul,Kumar,rahul.kumar23@company.com,9963900541,,Mumbai,CRM
E0023,Rah,Kumar,rahul.kumar23@company.com,9963900541,Marketing,Mumbai,HRM
E0023,Rahul,Kumar,rahul.kumar23@company.com,9963900541,Marketing,,PAYROLL
E0024,Vijay,Das,vijay.das24@company.com,9882058418,,Bengaluru,CRM
E0024,Vijay,Das,vijay.das24@company.com,9882058400,Finance,,PAYROLL
E0025,Rah,Roy,rahul.roy25@company.com,9838045605,Sales,Mumbai,HRM
E0025,Rahul,Roy,rahul.roy25@corp.com,,,Mumbai,ACTIVEDIRECTORYY
E0025,Rahul,Roy,rahul.roy25@company.com,9838045605,Sales,,PAYROLL
E0026,Deepa,Iyer,deepa.iyer26@corp.com,,,Pune,ACTIVEDIRECTORYY
E0026,Deepa,Iyer,deepa.iyer26@company.com,9811345307,Marketing,,PAYROLL
E0026,Deepa,Iyer,deepa.iyer26@company.com,9811345307,,Pune,CRM
E0027,Deepa,Das,deepa.das27@company.com,9682435562,Finance,,PAYROLL
E0027,Dee,Das,deepa.das27@company.com,9682435562,Finance,Mumbai,HRM
E0027,Deepa,Das,deepa.das27@company.com,,,Mumbai,ACTIVEDIRECTORYY
E0027,Deepa,Das,deepa.das27@company.com,9682435562,,Mumbai,CRM
E0028,Meena,Joseph,meena.joseph28@company.com,9823747785,Sales,,PAYROLL
E0028,Mee,Joseph,meena.joseph28@company.com,,,Hyderabad,ACTIVEDIRECTORYY
E0028,Meena,Joseph,meena.joseph28@company.com,9823747785,,Hyderabad,CRM
E0029,David,Roy,david.roy29@company.com,9360837425,Operations,,PAYROLL
E0029,David,Roy,david.roy29@company.com,9360837425,,Delhi,CRM
E0029,Dav,Roy,david.roy29@company.com,,,Delhi,ACTIVEDIRECTORYY
E0029,David,Roy,david.roy29@company.com,9360837425,Operations,Delhi,HRM
E0030,Ani,Roy,anita.roy30@company.com,9994819076,Finance,Delhi,HRM
E0030,Anita,Roy,anita.roy30@company.com,9994819076,Finance,,PAYROLL
E0030,Anita,Roy,anita.roy30@company.com,9994819076,,Delhi,CRM
E0031,Ravi,Gupta,ravi.gupta31@company.com,,,Bengaluru,ACTIVEDIRECTORYY
E0031,Rav,Gupta,ravi.gupta31@company.com,9706471462,Marketing,Bengaluru,HRM
E0032,Kiran,Singh,kiran.singh32@company.com,9318507556,,Bengaluru,CRM
E0032,Kir,Singh,kiran.singh32@company.com,9318507556,Marketing,Bengaluru,HRM
E0032,Kiran,Singh,kiran.singh32@company.com,,,Bengaluru,ACTIVEDIRECTORYY
E0032,Kiran,Singh,kiran.singh32@company.com,9318507556,Marketing,,PAYROLL
E0033,Nisha,Shah,nisha.shah33@company.com,9973679548,IT,,PAYROLL
E0033,Nisha,Shah,nisha.shah33@company.com,9973679548,,Pune,CRM
E0033,Nisha,Shah,nisha.shah33@company.com,,,Pune,ACTIVEDIRECTORYY
E0033,Nisha,Shah,nisha.shah33@company.com,9973679548,IT,Pune,HRM
E0034,Ajay,Miller,ajay.miller34@company.com,,,Bengaluru,ACTIVEDIRECTORYY
E0034,Ajay,Miller,ajay.miller34@company.com,9167374700,,Bengaluru,CRM
E0034,Ajay,Miller,ajay.miller34@company.com,9167374745,HR,,PAYROLL
E0035,Rahul,Miller,rahul.miller35@company.com,9166046125,Sales,Hyderabad,HRM
E0035,Rah,Miller,rahul.miller35@company.com,9166046125,,Hyderabad,CRM
E0035,Rahul,Miller,rahul.miller35@company.com,9166046125,Sales,,PAYROLL
E0036,David,Singh,david.singh36@corp.com,9953016721,HR,Bengaluru,HRM
E0036,David,Singh,david.singh36@company.com,,,Bengaluru,ACTIVEDIRECTORYY
E0036,David,Singh,david.singh36@company.com,9953016721,HR,,PAYROLL
E0036,Dav,Singh,david.singh36@company.com,9953016721,,Bengaluru,CRM
E0037,Sara,Nair,sara.nair37@company.com,9979659605,HR,,PAYROLL
E0037,Sara,Nair,sara.nair37@company.com,9979659605,,Delhi,CRM
E0037,Sara,Nair,sara.nair37@company.com,9979659605,HR,Delhi,HRM
E0038,Kiran,Verma,kiran.verma38@corp.com,9230084797,,Hyderabad,CRM
E0038,Kiran,Verma,kiran.verma38@corp.com,,,Hyderabad,ACTIVEDIRECTORYY
E0039,Nisha,Verma,nisha.verma39@corp.com,9606429752,Operations,,PAYROLL
E0039,Nis,Verma,nisha.verma39@company.com,9606429752,,Mumbai,CRM
E0039,Nisha,Verma,nisha.verma39@company.com,9606429752,Operations,Mumbai,HRM
E0039,Nisha,Verma,nisha.verma39@company.com,,,Mumbai,ACTIVEDIRECTORYY
E0040,Rav,Joseph,ravi.joseph40@company.com,9260917367,HR,,PAYROLL
E0040,Ravi,Joseph,ravi.joseph40@company.com,9260917300,,Delhi,CRM
E0040,Ravi,Joseph,ravi.joseph40@company.com,,,Delhi,ACTIVEDIRECTORYY
E0041,Ajay,Iyer,ajay.iyer41@company.com,,,Delhi,ACTIVEDIRECTORYY
E0041,Ajay,Iyer,ajay.iyer41@company.com,9196703541,,Delhi,CRM
E0041,Aja,Iyer,ajay.iyer41@corp.com,9196703541,Operations,Delhi,HRM
E0042,Ajay,Rao,ajay.rao42@company.com,9483731128,Operations,,PAYROLL
E0042,Ajay,Rao,ajay.rao42@company.com,9483731128,Operations,Pune,HRM
E0042,Ajay,Rao,ajay.rao42@company.com,,,Pune,ACTIVEDIRECTORYY
E0043,Vijay,Joseph,vijay.joseph43@company.com,9677679900,Finance,,PAYROLL
E0043,Vijay,Joseph,vijay.joseph43@company.com,,,Bengaluru,ACTIVEDIRECTORYY
E0043,Vij,Joseph,vijay.joseph43@company.com,9677679940,Finance,Bengaluru,HRM
E0044,David,Gupta,david.gupta44@company.com,9579037445,Operations,,PAYROLL
E0044,David,Gupta,david.gupta44@corp.com,,,Pune,ACTIVEDIRECTORYY
E0044,Dav,Gupta,david.gupta44@company.com,9579037445,,Pune,CRM
E0044,David,Gupta,david.gupta44@company.com,9579037445,Operations,Pune,HRM
E0045,Arun,Gupta,arun.gupta45@company.com,9189532290,Marketing,Pune,HRM
E0045,Arun,Gupta,arun.gupta45@company.com,,,Pune,ACTIVEDIRECTORYY
E0046,Nisha,Kumar,nisha.kumar46@company.com,9493276192,HR,Bengaluru,HRM
E0046,Nisha,Kumar,nisha.kumar46@corp.com,,,Bengaluru,ACTIVEDIRECTORYY
E0046,Nisha,Kumar,nisha.kumar46@company.com,9493276192,,Bengaluru,CRM
E0046,Nisha,Kumar,nisha.kumar46@company.com,9493276192,HR,,PAYROLL
E0047,Ravi,Verma,ravi.verma47@company.com,9398913562,,Delhi,CRM
E0047,Ravi,Verma,ravi.verma47@company.com,9398913562,Sales,Delhi,HRM
E0047,Ravi,Verma,ravi.verma47@company.com,9398913562,Sales,,PAYROLL
E0047,Ravi,Verma,ravi.verma47@company.com,,,Delhi,ACTIVEDIRECTORYY
E0048,Sara,Shah,sara.shah48@company.com,,,Hyderabad,ACTIVEDIRECTORYY
E0048,Sara,Shah,sara.shah48@company.com,9908508084,Marketing,,PAYROLL
E0048,Sara,Shah,sara.shah48@company.com,9908508084,Marketing,Hyderabad,HRM
E0048,Sar,Shah,sara.shah48@company.com,9908508000,,Hyderabad,CRM
E0049,David,Lee,david.lee49@company.com,,,Hyderabad,ACTIVEDIRECTORYY
E0049,Dav,Lee,david.lee49@company.com,9133224155,,Hyderabad,CRM
E0049,David,Lee,david.lee49@company.com,9133224155,Marketing,Hyderabad,HRM
E0050,Rav,Joseph,ravi.joseph50@company.com,9118163235,Operations,,PAYROLL
E0050,Ravi,Joseph,ravi.joseph50@company.com,,,Chennai,ACTIVEDIRECTORYY
E0051,Sara,Kumar,sara.kumar51@company.com,9234457185,,Bengaluru,CRM
E0051,Sara,Kumar,sara.kumar51@company.com,9234457185,Marketing,,PAYROLL
E0052,Rahul,Iyer,rahul.iyer52@company.com,9755567035,,Pune,CRM
E0052,Rahul,Iyer,rahul.iyer52@company.com,9755567035,IT,Pune,HRM
E0052,Rahul,Iyer,rahul.iyer52@company.com,9755567035,IT,,PAYROLL
E0052,Rahul,Iyer,rahul.iyer52@company.com,,,Pune,ACTIVEDIRECTORYY
E0053,Rahul,Joseph,rahul.joseph53@company.com,9628277014,,Mumbai,CRM
E0053,Rahul,Joseph,rahul.joseph53@company.com,9628277014,Marketing,Mumbai,HRM
E0053,Rahul,Joseph,rahul.joseph53@company.com,,,Mumbai,ACTIVEDIRECTORYY
E0053,Rahul,Joseph,rahul.joseph53@company.com,9628277014,Marketing,,PAYROLL
E0054,Sneha,Joseph,sneha.joseph54@company.com,,,Bengaluru,ACTIVEDIRECTORYY
E0054,Sneha,Joseph,sneha.joseph54@company.com,9980738906,,Bengaluru,CRM
E0054,Sneha,Joseph,sneha.joseph54@corp.com,9980738906,Marketing,Bengaluru,HRM
E0055,Priya,Singh,priya.singh55@company.com,9368756244,,Pune,CRM
E0055,Priya,Singh,priya.singh55@company.com,,,Pune,ACTIVEDIRECTORYY
E0056,Arun,Lee,arun.lee56@company.com,9187462753,IT,Pune,HRM
E0056,Arun,Lee,arun.lee56@company.com,9187462753,IT,,PAYROLL
E0057,Mee,Kumar,meena.kumar57@corp.com,9532592818,Finance,Delhi,HRM
E0057,Meena,Kumar,meena.kumar57@company.com,9532592818,,Delhi,CRM
E0057,Meena,Kumar,meena.kumar57@company.com,,,Delhi,ACTIVEDIRECTORYY
E0058,Priya,Gupta,priya.gupta58@company.com,9775521998,,Delhi,CRM
E0058,Pri,Gupta,priya.gupta58@company.com,9775521998,Finance,,PAYROLL
E0058,Priya,Gupta,priya.gupta58@company.com,,,Delhi,ACTIVEDIRECTORYY
E0058,Priya,Gupta,priya.gupta58@company.com,9775521998,Finance,Delhi,HRM
E0059,David,Nair,david.nair59@company.com,9506929904,HR,,PAYROLL
E0059,David,Nair,david.nair59@company.com,,,Mumbai,ACTIVEDIRECTORYY
E0059,David,Nair,david.nair59@company.com,9506929904,HR,Mumbai,HRM
E0059,David,Nair,david.nair59@company.com,9506929900,,Mumbai,CRM
E0060,Sara,Patel,sara.patel60@company.com,9564462543,HR,,PAYROLL
E0060,Sara,Patel,sara.patel60@company.com,,,Chennai,ACTIVEDIRECTORYY
E0060,Sara,Patel,sara.patel60@company.com,9564462543,,Chennai,CRM
E0061,Sneha,Nair,sneha.nair61@company.com,9256006434,IT,Chennai,HRM
E0061,Sneha,Nair,sneha.nair61@company.com,9256006434,IT,,PAYROLL
E0061,Sne,Nair,sneha.nair61@company.com,9256006434,,Chennai,CRM
E0061,Sneha,Nair,sneha.nair61@company.com,,,Chennai,ACTIVEDIRECTORYY
E0062,Arun,Singh,arun.singh62@company.com,,,Pune,ACTIVEDIRECTORYY
E0062,Arun,Singh,arun.singh62@company.com,9211770944,,Pune,CRM
E0062,Arun,Singh,arun.singh62@company.com,9211770944,Marketing,Pune,HRM
E0062,Arun,Singh,arun.singh62@company.com,9211770900,Marketing,,PAYROLL
E0063,Arun,Shah,arun.shah63@company.com,9628378775,,Mumbai,CRM
E0063,Arun,Shah,arun.shah63@company.com,,,Mumbai,ACTIVEDIRECTORYY
E0063,Arun,Shah,arun.shah63@company.com,9628378775,Finance,Mumbai,HRM
E0064,Ajay,Lee,ajay.lee64@company.com,9383906208,HR,Bengaluru,HRM
E0064,Ajay,Lee,ajay.lee64@company.com,9383906208,HR,,PAYROLL
E0064,Ajay,Lee,ajay.lee64@company.com,,,Bengaluru,ACTIVEDIRECTORYY
E0065,Vijay,Rao,vijay.rao65@company.com,9843366359,HR,,PAYROLL
E0065,Vijay,Rao,vijay.rao65@company.com,9843366359,,Delhi,CRM
E0065,Vijay,Rao,vijay.rao65@company.com,9843366359,HR,Delhi,HRM
E0065,Vijay,Rao,vijay.rao65@company.com,,,Delhi,ACTIVEDIRECTORYY
E0066,Sara,Das,sara.das66@company.com,9983765475,,Delhi,CRM
E0066,Sara,Das,sara.das66@corp.com,9983765400,Finance,,PAYROLL
E0066,Sara,Das,sara.das66@company.com,9983765475,Finance,Delhi,HRM
E0067,Vijay,Singh,vijay.singh67@company.com,9241059150,IT,Chennai,HRM
E0067,Vijay,Singh,vijay.singh67@corp.com,,,Chennai,ACTIVEDIRECTORYY
E0068,Aru,Lee,arun.lee68@company.com,9403663135,,Delhi,CRM
E0068,Aru,Lee,arun.lee68@company.com,9403663135,Sales,,PAYROLL
E0069,Vijay,Lee,vijay.lee69@company.com,,,Pune,ACTIVEDIRECTORYY
E0069,Vijay,Lee,vijay.lee69@company.com,9890812071,HR,Pune,HRM
E0070,David,Nair,david.nair70@company.com,9981384100,,Pune,CRM
E0070,David,Nair,david.nair70@company.com,9981384106,HR,Pune,HRM
E0070,David,Nair,david.nair70@company.com,,,Pune,ACTIVEDIRECTORYY
E0071,Meena,Rao,meena.rao71@company.com,9401814758,Sales,Hyderabad,HRM
E0071,Meena,Rao,meena.rao71@company.com,9401814700,,Hyderabad,CRM
E0071,Meena,Rao,meena.rao71@company.com,9401814758,Sales,,PAYROLL
E0072,John,Smith,john.smith72@company.com,9364024900,IT,,PAYROLL
E0072,Joh,Smith,john.smith72@company.com,9364024904,,Delhi,CRM
E0072,John,Smith,john.smith72@company.com,9364024904,IT,Delhi,HRM
E0072,John,Smith,john.smith72@company.com,,,Delhi,ACTIVEDIRECTORYY
E0073,Kiran,Singh,kiran.singh73@corp.com,9660946809,,Hyderabad,CRM
E0073,Kiran,Singh,kiran.singh73@company.com,,,Hyderabad,ACTIVEDIRECTORYY
E0073,Kiran,Singh,kiran.singh73@company.com,9660946809,Sales,Hyderabad,HRM
E0073,Kiran,Singh,kiran.singh73@corp.com,9660946809,Sales,,PAYROLL
E0074,Ravi,Das,ravi.das74@corp.com,9728971717,IT,Mumbai,HRM
E0074,Ravi,Das,ravi.das74@company.com,,,Mumbai,ACTIVEDIRECTORYY
E0074,Ravi,Das,ravi.das74@company.com,9728971717,,Mumbai,CRM
E0074,Ravi,Das,ravi.das74@company.com,9728971717,IT,,PAYROLL
E0075,Ravi,Kumar,ravi.kumar75@company.com,,,Bengaluru,ACTIVEDIRECTORYY
E0075,Ravi,Kumar,ravi.kumar75@company.com,9743536480,,Bengaluru,CRM
E0075,Ravi,Kumar,ravi.kumar75@company.com,9743536480,Operations,Bengaluru,HRM
E0076,Rahul,Iyer,rahul.iyer76@company.com,9371903063,Sales,Mumbai,HRM
E0076,Rahul,Iyer,rahul.iyer76@company.com,9371903063,Sales,,PAYROLL
E0076,Rah,Iyer,rahul.iyer76@company.com,9371903063,,Mumbai,CRM
E0077,Aru,Nair,arun.nair77@company.com,9550714420,IT,Hyderabad,HRM
E0077,Aru,Nair,arun.nair77@company.com,9550714420,,Hyderabad,CRM
E0077,Arun,Nair,arun.nair77@company.com,9550714420,IT,,PAYROLL
E0077,Arun,Nair,arun.nair77@company.com,,,Hyderabad,ACTIVEDIRECTORYY
E0078,Meena,Gupta,meena.gupta78@company.com,9276632976,,Chennai,CRM
E0078,Meena,Gupta,meena.gupta78@company.com,,,Chennai,ACTIVEDIRECTORYY
E0078,Meena,Gupta,meena.gupta78@company.com,9276632976,Sales,Chennai,HRM
E0078,Meena,Gupta,meena.gupta78@company.com,9276632976,Sales,,PAYROLL
E0079,Vijay,Verma,vijay.verma79@company.com,9484957977,Operations,Hyderabad,HRM
E0079,Vijay,Verma,vijay.verma79@company.com,9484957977,,Hyderabad,CRM
E0079,Vijay,Verma,vijay.verma79@company.com,,,Hyderabad,ACTIVEDIRECTORYY
E0080,David,Shah,david.shah80@company.com,,,Delhi,ACTIVEDIRECTORYY
E0080,David,Shah,david.shah80@company.com,9594380749,Marketing,Delhi,HRM
E0080,David,Shah,david.shah80@company.com,9594380749,Marketing,,PAYROLL
E0080,David,Shah,david.shah80@company.com,9594380749,,Delhi,CRM
E0081,Ajay,Patel,ajay.patel81@company.com,9365726108,Sales,,PAYROLL
E0081,Ajay,Patel,ajay.patel81@company.com,,,Pune,ACTIVEDIRECTORYY
E0082,Ravi,Das,ravi.das82@company.com,9745432092,IT,,PAYROLL
E0082,Ravi,Das,ravi.das82@company.com,9745432092,IT,Pune,HRM
E0082,Ravi,Das,ravi.das82@company.com,,,Pune,ACTIVEDIRECTORYY
E0082,Ravi,Das,ravi.das82@company.com,9745432000,,Pune,CRM
E0083,Ajay,Nair,ajay.nair83@company.com,9491159840,Operations,Delhi,HRM
E0083,Aja,Nair,ajay.nair83@company.com,,,Delhi,ACTIVEDIRECTORYY
E0083,Ajay,Nair,ajay.nair83@company.com,9491159840,,Delhi,CRM
E0084,Meena,Verma,meena.verma84@company.com,,,Hyderabad,ACTIVEDIRECTORYY
E0084,Meena,Verma,meena.verma84@company.com,9480283028,Finance,,PAYROLL
E0084,Mee,Verma,meena.verma84@company.com,9480283028,Finance,Hyderabad,HRM
E0085,Arun,Verma,arun.verma85@company.com,9718368200,Marketing,Pune,HRM
E0085,Arun,Verma,arun.verma85@company.com,9718368285,Marketing,,PAYROLL
E0085,Aru,Verma,arun.verma85@company.com,,,Pune,ACTIVEDIRECTORYY
E0086,Sara,Singh,sara.singh86@company.com,9492584396,HR,Chennai,HRM
E0086,Sara,Singh,sara.singh86@company.com,9492584396,HR,,PAYROLL
E0086,Sara,Singh,sara.singh86@company.com,9492584396,,Chennai,CRM
E0087,Deepa,Das,deepa.das87@company.com,9530847801,HR,Mumbai,HRM
E0087,Deepa,Das,deepa.das87@company.com,9530847801,,Mumbai,CRM
E0087,Dee,Das,deepa.das87@company.com,,,Mumbai,ACTIVEDIRECTORYY
E0087,Deepa,Das,deepa.das87@company.com,9530847801,HR,,PAYROLL
E0088,Pri,Lee,priya.lee88@company.com,9347640698,,Delhi,CRM
E0088,Priya,Lee,priya.lee88@company.com,,,Delhi,ACTIVEDIRECTORYY
E0088,Priya,Lee,priya.lee88@company.com,9347640698,Operations,,PAYROLL
E0089,Meena,Smith,meena.smith89@company.com,,,Pune,ACTIVEDIRECTORYY
E0089,Mee,Smith,meena.smith89@company.com,9655929076,,Pune,CRM
E0089,Meena,Smith,meena.smith89@company.com,9655929076,Marketing,Pune,HRM
E0090,David,Lee,david.lee90@company.com,9110004954,,Bengaluru,CRM
E0090,David,Lee,david.lee90@company.com,9110004954,Marketing,Bengaluru,HRM
E0091,Sneha,Gupta,sneha.gupta91@corp.com,9328140460,Operations,,PAYROLL
E0091,Sne,Gupta,sneha.gupta91@company.com,9328140460,,Bengaluru,CRM
E0091,Sneha,Gupta,sneha.gupta91@company.com,,,Bengaluru,ACTIVEDIRECTORYY
E0092,Deepa,Joseph,deepa.joseph92@company.com,9334470628,,Mumbai,CRM
E0092,Deepa,Joseph,deepa.joseph92@company.com,,,Mumbai,ACTIVEDIRECTORYY
E0092,Dee,Joseph,deepa.joseph92@company.com,9334470628,Operations,Mumbai,HRM
E0092,Deepa,Joseph,deepa.joseph92@company.com,9334470628,Operations,,PAYROLL
E0093,Ravi,Kumar,ravi.kumar93@company.com,9456570476,Sales,Delhi,HRM
E0093,Rav,Kumar,ravi.kumar93@company.com,9456570476,Sales,,PAYROLL
E0094,Arun,Roy,arun.roy94@company.com,9860494104,Sales,Chennai,HRM
E0094,Arun,Roy,arun.roy94@corp.com,,,Chennai,ACTIVEDIRECTORYY
E0094,Arun,Roy,arun.roy94@company.com,9860494104,,Chennai,CRM
E0095,Dav,Iyer,david.iyer95@company.com,9847847000,Operations,Bengaluru,HRM
E0095,Dav,Iyer,david.iyer95@company.com,9847847000,,Bengaluru,CRM
E0095,David,Iyer,david.iyer95@company.com,9847847000,Operations,,PAYROLL
E0095,David,Iyer,david.iyer95@company.com,,,Bengaluru,ACTIVEDIRECTORYY
E0096,John,Rao,john.rao96@company.com,9295615350,Marketing,,PAYROLL
E0096,John,Rao,john.rao96@company.com,9295615350,,Delhi,CRM
E0096,John,Rao,john.rao96@company.com,9295615350,Marketing,Delhi,HRM
E0097,Anita,Gupta,anita.gupta97@company.com,9499388500,IT,,PAYROLL
E0097,Anita,Gupta,anita.gupta97@company.com,9499388509,IT,Chennai,HRM
E0097,Anita,Gupta,anita.gupta97@company.com,9499388509,,Chennai,CRM
E0098,Arun,Lee,arun.lee98@company.com,9125282124,Marketing,Pune,HRM
E0098,Arun,Lee,arun.lee98@company.com,9125282124,,Pune,CRM
E0098,Arun,Lee,arun.lee98@corp.com,9125282124,Marketing,,PAYROLL
E0098,Arun,Lee,arun.lee98@company.com,,,Pune,ACTIVEDIRECTORYY
E0099,Vijay,Das,vijay.das99@company.com,,,Delhi,ACTIVEDIRECTORYY
E0099,Vijay,Das,vijay.das99@company.com,9550032055,Operations,,PAYROLL
E0099,Vijay,Das,vijay.das99@company.com,9550032055,,Delhi,CRM
E0100,Sne,Singh,sneha.singh100@company.com,9892162369,Finance,,PAYROLL
E0100,Sneha,Singh,sneha.singh100@company.com,9892162369,Finance,Mumbai,HRM
E0100,Sneha,Singh,sneha.singh100@company.com,9892162369,,Mumbai,CRM
E0101,Kiran,Shah,kiran.shah101@company.com,,,Mumbai,ACTIVEDIRECTORYY
E0101,Kir,Shah,kiran.shah101@company.com,9160956070,Marketing,Mumbai,HRM
E0101,Kiran,Shah,kiran.shah101@company.com,9160956070,,Mumbai,CRM
E0102,Arun,Rao,arun.rao102@company.com,9167954888,HR,,PAYROLL
E0102,Arun,Rao,arun.rao102@company.com,,,Pune,ACTIVEDIRECTORYY
E0102,Aru,Rao,arun.rao102@company.com,9167954888,,Pune,CRM
E0102,Arun,Rao,arun.rao102@company.com,9167954888,HR,Pune,HRM
E0103,Priya,Lee,priya.lee103@company.com,9354446002,IT,,PAYROLL
E0103,Priya,Lee,priya.lee103@company.com,9354446002,IT,Delhi,HRM
E0104,Arun,Shah,arun.shah104@company.com,9851526664,,Pune,CRM
E0104,Arun,Shah,arun.shah104@company.com,9851526600,Finance,Pune,HRM
E0104,Aru,Shah,arun.shah104@company.com,9851526664,Finance,,PAYROLL
E0105,Kiran,Roy,kiran.roy105@company.com,,,Bengaluru,ACTIVEDIRECTORYY
E0105,Kiran,Roy,kiran.roy105@company.com,9965256549,HR,,PAYROLL
E0105,Kiran,Roy,kiran.roy105@company.com,9965256549,HR,Bengaluru,HRM
E0106,Priya,Nair,priya.nair106@corp.com,9410458954,,Delhi,CRM
E0106,Priya,Nair,priya.nair106@company.com,9410458954,HR,Delhi,HRM
E0106,Priya,Nair,priya.nair106@corp.com,9410458954,HR,,PAYROLL
E0107,Priya,Singh,priya.singh107@company.com,9299981100,IT,Mumbai,HRM
E0107,Pri,Singh,priya.singh107@company.com,9299981116,,Mumbai,CRM
E0107,Priya,Singh,priya.singh107@company.com,,,Mumbai,ACTIVEDIRECTORYY
E0107,Priya,Singh,priya.singh107@company.com,9299981116,IT,,PAYROLL
E0108,Joh,Miller,john.miller108@company.com,9402640878,IT,,PAYROLL
E0108,John,Miller,john.miller108@company.com,,,Hyderabad,ACTIVEDIRECTORYY
E0108,John,Miller,john.miller108@company.com,9402640878,IT,Hyderabad,HRM
E0108,John,Miller,john.miller108@company.com,9402640878,,Hyderabad,CRM
E0109,Vijay,Lee,vijay.lee109@company.com,,,Mumbai,ACTIVEDIRECTORYY
E0110,Rahul,Shah,rahul.shah110@company.com,9908479000,IT,,PAYROLL
E0110,Rah,Shah,rahul.shah110@company.com,,,Bengaluru,ACTIVEDIRECTORYY
E0110,Rahul,Shah,rahul.shah110@company.com,9908479016,IT,Bengaluru,HRM
E0111,Ajay,Shah,ajay.shah111@corp.com,9660434900,IT,Hyderabad,HRM
E0111,Ajay,Shah,ajay.shah111@company.com,9660434951,,Hyderabad,CRM
E0111,Ajay,Shah,ajay.shah111@company.com,9660434951,IT,,PAYROLL
E0112,Ravi,Rao,ravi.rao112@company.com,,,Pune,ACTIVEDIRECTORYY
E0112,Rav,Rao,ravi.rao112@company.com,9762361808,IT,Pune,HRM
E0112,Ravi,Rao,ravi.rao112@company.com,9762361808,IT,,PAYROLL
E0112,Ravi,Rao,ravi.rao112@company.com,9762361800,,Pune,CRM
E0113,Sara,Patel,sara.patel113@company.com,9154881186,Finance,Delhi,HRM
E0113,Sar,Patel,sara.patel113@company.com,,,Delhi,ACTIVEDIRECTORYY
E0113,Sara,Patel,sara.patel113@company.com,9154881100,Finance,,PAYROLL
E0113,Sara,Patel,sara.patel113@company.com,9154881186,,Delhi,CRM
E0114,Sara,Roy,sara.roy114@company.com,9605809811,Finance,Chennai,HRM
E0114,Sar,Roy,sara.roy114@company.com,9605809811,,Chennai,CRM
E0114,Sara,Roy,sara.roy114@corp.com,9605809811,Finance,,PAYROLL
E0115,Nisha,Patel,nisha.patel115@company.com,9721823874,Operations,,PAYROLL
E0115,Nisha,Patel,nisha.patel115@company.com,9721823800,,Hyderabad,CRM
E0115,Nis,Patel,nisha.patel115@company.com,9721823874,Operations,Hyderabad,HRM
E0116,Ani,Verma,anita.verma116@company.com,,,Bengaluru,ACTIVEDIRECTORYY
E0117,David,Nair,david.nair117@company.com,9299973258,Sales,Delhi,HRM
E0117,David,Nair,david.nair117@company.com,9299973258,,Delhi,CRM
E0117,David,Nair,david.nair117@company.com,,,Delhi,ACTIVEDIRECTORYY
E0118,Sara,Nair,sara.nair118@company.com,,,Pune,ACTIVEDIRECTORYY
E0118,Sara,Nair,sara.nair118@company.com,9173044551,,Pune,CRM
E0118,Sara,Nair,sara.nair118@company.com,9173044551,Marketing,,PAYROLL
E0118,Sara,Nair,sara.nair118@company.com,9173044551,Marketing,Pune,HRM
E0119,Arun,Das,arun.das119@company.com,,,Chennai,ACTIVEDIRECTORYY
E0119,Arun,Das,arun.das119@company.com,9626108132,Operations,Chennai,HRM
E0119,Aru,Das,arun.das119@company.com,9626108132,,Chennai,CRM
E0120,Rav,Miller,ravi.miller120@company.com,,,Delhi,ACTIVEDIRECTORYY
E0120,Ravi,Miller,ravi.miller120@company.com,9920227462,,Delhi,CRM
E0121,Ravi,Joseph,ravi.joseph121@corp.com,9307475909,IT,,PAYROLL
E0121,Ravi,Joseph,ravi.joseph121@company.com,,,Mumbai,ACTIVEDIRECTORYY
E0122,Ravi,Joseph,ravi.joseph122@company.com,9242506554,Operations,,PAYROLL
E0122,Ravi,Joseph,ravi.joseph122@company.com,9242506554,,Delhi,CRM
E0122,Rav,Joseph,ravi.joseph122@company.com,9242506554,Operations,Delhi,HRM
E0122,Ravi,Joseph,ravi.joseph122@company.com,,,Delhi,ACTIVEDIRECTORYY
E0123,Rah,Das,rahul.das123@company.com,9610485143,,Delhi,CRM
E0123,Rahul,Das,rahul.das123@company.com,9610485143,HR,,PAYROLL
E0124,Rahul,Miller,rahul.miller124@company.com,9707146107,IT,,PAYROLL
E0124,Rah,Miller,rahul.miller124@company.com,,,Hyderabad,ACTIVEDIRECTORYY
E0124,Rahul,Miller,rahul.miller124@company.com,9707146107,IT,Hyderabad,HRM
E0125,Rahul,Lee,rahul.lee125@company.com,9560829393,Operations,,PAYROLL
E0125,Rah,Lee,rahul.lee125@company.com,9560829393,Operations,Chennai,HRM
E0125,Rahul,Lee,rahul.lee125@company.com,,,Chennai,ACTIVEDIRECTORYY
E0125,Rahul,Lee,rahul.lee125@company.com,9560829393,,Chennai,CRM
E0126,David,Miller,david.miller126@company.com,,,Pune,ACTIVEDIRECTORYY
E0126,David,Miller,david.miller126@company.com,9298035558,Marketing,,PAYROLL
E0126,David,Miller,david.miller126@company.com,9298035558,,Pune,CRM
E0127,John,Joseph,john.joseph127@company.com,9953992644,,Bengaluru,CRM
E0127,John,Joseph,john.joseph127@company.com,,,Bengaluru,ACTIVEDIRECTORYY
E0127,Joh,Joseph,john.joseph127@company.com,9953992644,Finance,,PAYROLL
E0128,Aru,Joseph,arun.joseph128@company.com,9370045359,,Pune,CRM
E0128,Arun,Joseph,arun.joseph128@company.com,,,Pune,ACTIVEDIRECTORYY
E0128,Arun,Joseph,arun.joseph128@company.com,9370045359,Sales,Pune,HRM
E0129,Ajay,Verma,ajay.verma129@company.com,9929489769,Finance,Hyderabad,HRM
E0129,Aja,Verma,ajay.verma129@company.com,9929489769,Finance,,PAYROLL
E0129,Ajay,Verma,ajay.verma129@company.com,9929489700,,Hyderabad,CRM
E0129,Aja,Verma,ajay.verma129@company.com,,,Hyderabad,ACTIVEDIRECTORYY
E0130,Dee,Kumar,deepa.kumar130@company.com,,,Delhi,ACTIVEDIRECTORYY
E0130,Deepa,Kumar,deepa.kumar130@company.com,9555808996,,Delhi,CRM
E0130,Deepa,Kumar,deepa.kumar130@corp.com,9555808900,Finance,Delhi,HRM
E0130,Deepa,Kumar,deepa.kumar130@company.com,9555808996,Finance,,PAYROLL
E0131,Nisha,Shah,nisha.shah131@company.com,,,Bengaluru,ACTIVEDIRECTORYY
E0131,Nisha,Shah,nisha.shah131@company.com,9408312428,Operations,,PAYROLL
E0131,Nisha,Shah,nisha.shah131@company.com,9408312428,Operations,Bengaluru,HRM
E0132,Sar,Miller,sara.miller132@company.com,9342409232,Sales,,PAYROLL
E0132,Sara,Miller,sara.miller132@corp.com,9342409232,,Pune,CRM
E0132,Sara,Miller,sara.miller132@company.com,,,Pune,ACTIVEDIRECTORYY
E0132,Sara,Miller,sara.miller132@company.com,9342409232,Sales,Pune,HRM
E0133,Rah,Iyer,rahul.iyer133@company.com,9976361149,,Hyderabad,CRM
E0133,Rahul,Iyer,rahul.iyer133@company.com,9976361149,HR,,PAYROLL
E0133,Rahul,Iyer,rahul.iyer133@company.com,9976361149,HR,Hyderabad,HRM
E0133,Rahul,Iyer,rahul.iyer133@company.com,,,Hyderabad,ACTIVEDIRECTORYY
E0134,Meena,Smith,meena.smith134@company.com,9180708074,,Hyderabad,CRM
E0134,Meena,Smith,meena.smith134@company.com,9180708074,IT,Hyderabad,HRM
E0134,Meena,Smith,meena.smith134@company.com,9180708074,IT,,PAYROLL
E0134,Meena,Smith,meena.smith134@company.com,,,Hyderabad,ACTIVEDIRECTORYY
E0135,Sne,Miller,sneha.miller135@company.com,,,Bengaluru,ACTIVEDIRECTORYY
E0135,Sneha,Miller,sneha.miller135@company.com,9671007448,,Bengaluru,CRM
E0135,Sneha,Miller,sneha.miller135@company.com,9671007448,Sales,Bengaluru,HRM
E0136,Joh,Lee,john.lee136@company.com,,,Delhi,ACTIVEDIRECTORYY
E0136,Joh,Lee,john.lee136@company.com,9285179046,Sales,Delhi,HRM
E0136,Joh,Lee,john.lee136@company.com,9285179046,,Delhi,CRM
E0137,Ajay,Patel,ajay.patel137@company.com,9861188652,,Delhi,CRM
E0137,Ajay,Patel,ajay.patel137@company.com,9861188600,IT,Delhi,HRM
E0137,Ajay,Patel,ajay.patel137@company.com,9861188652,IT,,PAYROLL
E0137,Ajay,Patel,ajay.patel137@company.com,,,Delhi,ACTIVEDIRECTORYY
E0138,Rahul,Singh,rahul.singh138@corp.com,9197055424,Operations,,PAYROLL
E0138,Rahul,Singh,rahul.singh138@company.com,9197055424,Operations,Pune,HRM
E0138,Rahul,Singh,rahul.singh138@company.com,,,Pune,ACTIVEDIRECTORYY
E0138,Rahul,Singh,rahul.singh138@corp.com,9197055400,,Pune,CRM
E0139,Priya,Lee,priya.lee139@company.com,9159107083,Sales,Bengaluru,HRM
E0139,Priya,Lee,priya.lee139@company.com,9159107083,,Bengaluru,CRM
E0139,Priya,Lee,priya.lee139@company.com,9159107083,Sales,,PAYROLL
E0140,Pri,Patel,priya.patel140@company.com,9386826952,IT,Pune,HRM
E0140,Priya,Patel,priya.patel140@company.com,,,Pune,ACTIVEDIRECTORYY
E0141,David,Nair,david.nair141@company.com,9610519976,Sales,,PAYROLL
E0141,Dav,Nair,david.nair141@company.com,9610519976,,Mumbai,CRM
E0142,David,Rao,david.rao142@company.com,9362670270,HR,Pune,HRM
E0142,David,Rao,david.rao142@company.com,9362670270,HR,,PAYROLL
E0143,Priya,Nair,priya.nair143@corp.com,9767217103,Marketing,,PAYROLL
E0143,Priya,Nair,priya.nair143@corp.com,9767217100,Marketing,Delhi,HRM
E0143,Priya,Nair,priya.nair143@company.com,9767217103,,Delhi,CRM
E0144,Sneha,Smith,sneha.smith144@company.com,,,Chennai,ACTIVEDIRECTORYY
E0144,Sneha,Smith,sneha.smith144@company.com,9376185164,Finance,,PAYROLL
E0144,Sneha,Smith,sneha.smith144@company.com,9376185164,Finance,Chennai,HRM
E0144,Sneha,Smith,sneha.smith144@company.com,9376185164,,Chennai,CRM
E0145,Meena,Roy,meena.roy145@company.com,9129163413,Marketing,Bengaluru,HRM
E0145,Meena,Roy,meena.roy145@company.com,9129163413,Marketing,,PAYROLL
E0145,Meena,Roy,meena.roy145@company.com,9129163413,,Bengaluru,CRM
E0146,Sara,Singh,sara.singh146@company.com,,,Delhi,ACTIVEDIRECTORYY
E0146,Sara,Singh,sara.singh146@company.com,9266676054,,Delhi,CRM
E0146,Sara,Singh,sara.singh146@company.com,9266676054,IT,,PAYROLL
E0147,Ravi,Kumar,ravi.kumar147@company.com,9480281206,Marketing,Mumbai,HRM
E0147,Ravi,Kumar,ravi.kumar147@company.com,9480281206,,Mumbai,CRM
E0147,Rav,Kumar,ravi.kumar147@company.com,,,Mumbai,ACTIVEDIRECTORYY
E0147,Ravi,Kumar,ravi.kumar147@company.com,9480281206,Marketing,,PAYROLL
E0148,Deepa,Singh,deepa.singh148@company.com,9309362652,HR,Pune,HRM
E0148,Deepa,Singh,deepa.singh148@company.com,9309362652,HR,,PAYROLL
E0148,Deepa,Singh,deepa.singh148@corp.com,,,Pune,ACTIVEDIRECTORYY
E0149,Vijay,Rao,vijay.rao149@company.com,9706221728,,Hyderabad,CRM
E0149,Vijay,Rao,vijay.rao149@company.com,9706221728,HR,,PAYROLL
E0149,Vijay,Rao,vijay.rao149@company.com,,,Hyderabad,ACTIVEDIRECTORYY
E0150,Sneha,Lee,sneha.lee150@company.com,9275622999,Operations,,PAYROLL
E0150,Sneha,Lee,sneha.lee150@company.com,9275622999,Operations,Hyderabad,HRM
E0150,Sneha,Lee,sneha.lee150@company.com,9275622999,,Hyderabad,CRM
E0150,Sneha,Lee,sneha.lee150@company.com,,,Hyderabad,ACTIVEDIRECTORYY
E0151,Deepa,Verma,deepa.verma151@company.com,9532473483,Finance,,PAYROLL
E0151,Deepa,Verma,deepa.verma151@company.com,,,Hyderabad,ACTIVEDIRECTORYY
E0151,Deepa,Verma,deepa.verma151@company.com,9532473483,Finance,Hyderabad,HRM
E0152,Vij,Kumar,vijay.kumar152@company.com,9592365700,,Mumbai,CRM
E0152,Vijay,Kumar,vijay.kumar152@company.com,9592365701,IT,Mumbai,HRM
E0152,Vijay,Kumar,vijay.kumar152@company.com,9592365701,IT,,PAYROLL
E0153,Meena,Shah,meena.shah153@company.com,9141725668,HR,Pune,HRM
E0153,Meena,Shah,meena.shah153@company.com,,,Pune,ACTIVEDIRECTORYY
E0153,Meena,Shah,meena.shah153@corp.com,9141725668,HR,,PAYROLL
E0153,Mee,Shah,meena.shah153@company.com,9141725668,,Pune,CRM
E0154,Deepa,Roy,deepa.roy154@company.com,9541173400,Sales,Delhi,HRM
E0154,Deepa,Roy,deepa.roy154@company.com,,,Delhi,ACTIVEDIRECTORYY
E0154,Deepa,Roy,deepa.roy154@company.com,9541173473,,Delhi,CRM
E0154,Deepa,Roy,deepa.roy154@company.com,9541173473,Sales,,PAYROLL
E0155,Deepa,Roy,deepa.roy155@company.com,9964663382,,Delhi,CRM
E0155,Dee,Roy,deepa.roy155@company.com,9964663382,HR,,PAYROLL
E0155,Dee,Roy,deepa.roy155@company.com,,,Delhi,ACTIVEDIRECTORYY
E0156,Priya,Kumar,priya.kumar156@company.com,9160507333,,Bengaluru,CRM
E0156,Priya,Kumar,priya.kumar156@company.com,9160507333,IT,Bengaluru,HRM
E0156,Priya,Kumar,priya.kumar156@company.com,9160507333,IT,,PAYROLL
E0157,John,Miller,john.miller157@company.com,9622118758,IT,Pune,HRM
E0157,John,Miller,john.miller157@company.com,9622118758,IT,,PAYROLL
E0158,Meena,Lee,meena.lee158@company.com,9573667771,Marketing,,PAYROLL
E0158,Meena,Lee,meena.lee158@company.com,9573667771,,Chennai,CRM
E0158,Mee,Lee,meena.lee158@company.com,,,Chennai,ACTIVEDIRECTORYY
E0159,Ajay,Kumar,ajay.kumar159@company.com,,,Mumbai,ACTIVEDIRECTORYY
E0159,Ajay,Kumar,ajay.kumar159@company.com,9645147876,,Mumbai,CRM
E0159,Ajay,Kumar,ajay.kumar159@company.com,9645147876,Marketing,Mumbai,HRM
E0159,Aja,Kumar,ajay.kumar159@company.com,9645147876,Marketing,,PAYROLL
E0160,Deepa,Kumar,deepa.kumar160@company.com,9485550225,HR,,PAYROLL
E0160,Deepa,Kumar,deepa.kumar160@company.com,9485550225,HR,Pune,HRM
E0160,Deepa,Kumar,deepa.kumar160@company.com,,,Pune,ACTIVEDIRECTORYY
E0160,Dee,Kumar,deepa.kumar160@company.com,9485550225,,Pune,CRM
E0161,Deepa,Miller,deepa.miller161@company.com,9715215035,,Chennai,CRM
E0161,Deepa,Miller,deepa.miller161@company.com,,,Chennai,ACTIVEDIRECTORYY
E0161,Dee,Miller,deepa.miller161@company.com,9715215000,IT,Chennai,HRM
E0161,Deepa,Miller,deepa.miller161@company.com,9715215035,IT,,PAYROLL
E0162,Meena,Lee,meena.lee162@corp.com,9866993364,,Chennai,CRM
E0163,Mee,Singh,meena.singh163@company.com,,,Delhi,ACTIVEDIRECTORYY
E0163,Meena,Singh,meena.singh163@company.com,9579990700,,Delhi,CRM
E0164,Meena,Shah,meena.shah164@company.com,9297254730,HR,Delhi,HRM
E0164,Meena,Shah,meena.shah164@company.com,,,Delhi,ACTIVEDIRECTORYY
E0164,Mee,Shah,meena.shah164@corp.com,9297254730,HR,,PAYROLL
E0164,Mee,Shah,meena.shah164@company.com,9297254700,,Delhi,CRM
E0165,Arun,Roy,arun.roy165@company.com,9519111054,Operations,,PAYROLL
E0165,Arun,Roy,arun.roy165@company.com,9519111054,,Delhi,CRM
E0165,Aru,Roy,arun.roy165@company.com,9519111054,Operations,Delhi,HRM
E0166,Rahul,Kumar,rahul.kumar166@company.com,9161995968,Finance,Mumbai,HRM
E0166,Rahul,Kumar,rahul.kumar166@company.com,9161995968,Finance,,PAYROLL
E0166,Rahul,Kumar,rahul.kumar166@company.com,9161995968,,Mumbai,CRM
E0167,Arun,Verma,arun.verma167@company.com,9676099438,Finance,,PAYROLL
E0167,Aru,Verma,arun.verma167@company.com,,,Pune,ACTIVEDIRECTORYY
E0167,Arun,Verma,arun.verma167@company.com,9676099438,,Pune,CRM
E0168,Nisha,Verma,nisha.verma168@company.com,9152669488,,Chennai,CRM
E0168,Nis,Verma,nisha.verma168@company.com,,,Chennai,ACTIVEDIRECTORYY
E0168,Nisha,Verma,nisha.verma168@company.com,9152669488,Sales,Chennai,HRM
E0168,Nisha,Verma,nisha.verma168@company.com,9152669488,Sales,,PAYROLL
E0169,Arun,Gupta,arun.gupta169@corp.com,,,Chennai,ACTIVEDIRECTORYY
E0169,Arun,Gupta,arun.gupta169@company.com,9667428555,,Chennai,CRM
E0169,Aru,Gupta,arun.gupta169@company.com,9667428555,Sales,,PAYROLL
E0170,Deepa,Das,deepa.das170@company.com,9752266777,Marketing,,PAYROLL
E0170,Deepa,Das,deepa.das170@company.com,9752266700,Marketing,Mumbai,HRM
E0170,Dee,Das,deepa.das170@company.com,9752266777,,Mumbai,CRM
E0171,Deepa,Patel,deepa.patel171@company.com,9379956487,Operations,,PAYROLL
E0171,Deepa,Patel,deepa.patel171@company.com,9379956487,,Chennai,CRM
E0171,Deepa,Patel,deepa.patel171@company.com,9379956487,Operations,Chennai,HRM
E0172,Aru,Roy,arun.roy172@company.com,9543740967,HR,Mumbai,HRM
E0172,Aru,Roy,arun.roy172@company.com,,,Mumbai,ACTIVEDIRECTORYY
E0172,Arun,Roy,arun.roy172@company.com,9543740967,,Mumbai,CRM
E0173,David,Joseph,david.joseph173@company.com,,,Chennai,ACTIVEDIRECTORYY
E0173,David,Joseph,david.joseph173@company.com,9794077652,Finance,Chennai,HRM
E0173,David,Joseph,david.joseph173@company.com,9794077652,Finance,,PAYROLL
E0174,Arun,Lee,arun.lee174@company.com,9250867600,IT,Bengaluru,HRM
E0174,Arun,Lee,arun.lee174@company.com,9250867600,,Bengaluru,CRM
E0174,Arun,Lee,arun.lee174@company.com,,,Bengaluru,ACTIVEDIRECTORYY
E0174,Arun,Lee,arun.lee174@corp.com,9250867606,IT,,PAYROLL
E0175,Nisha,Smith,nisha.smith175@company.com,9925133200,Sales,Mumbai,HRM
E0175,Nisha,Smith,nisha.smith175@company.com,,,Mumbai,ACTIVEDIRECTORYY
E0176,Deepa,Kumar,deepa.kumar176@company.com,9610955717,,Mumbai,CRM
E0176,Deepa,Kumar,deepa.kumar176@company.com,9610955717,Sales,Mumbai,HRM
E0177,Sneha,Shah,sneha.shah177@company.com,9629917507,Operations,Hyderabad,HRM
E0177,Sneha,Shah,sneha.shah177@company.com,,,Hyderabad,ACTIVEDIRECTORYY
E0177,Sneha,Shah,sneha.shah177@company.com,9629917507,,Hyderabad,CRM
E0178,David,Iyer,david.iyer178@company.com,9915047030,Finance,,PAYROLL
E0178,David,Iyer,david.iyer178@company.com,,,Mumbai,ACTIVEDIRECTORYY
E0179,Meena,Verma,meena.verma179@company.com,9743066300,Finance,,PAYROLL
E0179,Meena,Verma,meena.verma179@company.com,,,Bengaluru,ACTIVEDIRECTORYY
E0179,Meena,Verma,meena.verma179@corp.com,9743066389,Finance,Bengaluru,HRM
E0179,Meena,Verma,meena.verma179@company.com,9743066389,,Bengaluru,CRM
E0180,Sara,Miller,sara.miller180@company.com,,,Pune,ACTIVEDIRECTORYY
E0180,Sara,Miller,sara.miller180@company.com,9904150465,Finance,Pune,HRM
E0180,Sara,Miller,sara.miller180@company.com,9904150465,Finance,,PAYROLL
E0180,Sara,Miller,sara.miller180@company.com,9904150465,,Pune,CRM
E0181,Rahul,Patel,rahul.patel181@company.com,9642367039,Finance,Bengaluru,HRM
E0181,Rah,Patel,rahul.patel181@company.com,,,Bengaluru,ACTIVEDIRECTORYY
E0181,Rahul,Patel,rahul.patel181@corp.com,9642367000,Finance,,PAYROLL
E0182,Rahul,Singh,rahul.singh182@corp.com,9238033269,Operations,,PAYROLL
E0182,Rahul,Singh,rahul.singh182@company.com,9238033269,Operations,Delhi,HRM
E0182,Rahul,Singh,rahul.singh182@company.com,,,Delhi,ACTIVEDIRECTORYY
E0183,Joh,Roy,john.roy183@company.com,,,Mumbai,ACTIVEDIRECTORYY
E0183,John,Roy,john.roy183@company.com,9674746015,Marketing,,PAYROLL
E0184,Nisha,Patel,nisha.patel184@company.com,9546333462,Finance,Hyderabad,HRM
E0184,Nisha,Patel,nisha.patel184@company.com,9546333462,Finance,,PAYROLL
E0184,Nisha,Patel,nisha.patel184@company.com,,,Hyderabad,ACTIVEDIRECTORYY
E0184,Nis,Patel,nisha.patel184@corp.com,9546333462,,Hyderabad,CRM
E0185,Rah,Kumar,rahul.kumar185@company.com,9696666603,,Delhi,CRM
E0185,Rahul,Kumar,rahul.kumar185@corp.com,9696666603,HR,,PAYROLL
E0185,Rahul,Kumar,rahul.kumar185@company.com,,,Delhi,ACTIVEDIRECTORYY
E0186,Deepa,Patel,deepa.patel186@corp.com,,,Mumbai,ACTIVEDIRECTORYY
E0186,Deepa,Patel,deepa.patel186@company.com,9949549349,IT,,PAYROLL
E0186,Deepa,Patel,deepa.patel186@company.com,9949549300,IT,Mumbai,HRM
E0186,Dee,Patel,deepa.patel186@company.com,9949549349,,Mumbai,CRM
E0187,Rah,Shah,rahul.shah187@company.com,9221415316,,Delhi,CRM
E0187,Rahul,Shah,rahul.shah187@company.com,9221415316,Sales,Delhi,HRM
E0187,Rahul,Shah,rahul.shah187@company.com,9221415316,Sales,,PAYROLL
E0188,Sara,Singh,sara.singh188@company.com,9191662637,,Chennai,CRM
E0188,Sara,Singh,sara.singh188@company.com,,,Chennai,ACTIVEDIRECTORYY
E0188,Sara,Singh,sara.singh188@corp.com,9191662637,Marketing,Chennai,HRM
E0189,Anita,Singh,anita.singh189@company.com,9924828571,,Mumbai,CRM
E0189,Anita,Singh,anita.singh189@company.com,,,Mumbai,ACTIVEDIRECTORYY
E0189,Anita,Singh,anita.singh189@company.com,9924828571,Finance,,PAYROLL
E0189,Anita,Singh,anita.singh189@company.com,9924828571,Finance,Mumbai,HRM
E0190,Pri,Patel,priya.patel190@company.com,9165964500,IT,Pune,HRM
E0190,Priya,Patel,priya.patel190@company.com,,,Pune,ACTIVEDIRECTORYY
E0190,Priya,Patel,priya.patel190@company.com,9165964514,IT,,PAYROLL
E0190,Priya,Patel,priya.patel190@company.com,9165964514,,Pune,CRM
E0191,Rah,Joseph,rahul.joseph191@company.com,,,Bengaluru,ACTIVEDIRECTORYY
E0191,Rahul,Joseph,rahul.joseph191@company.com,9514858845,Operations,,PAYROLL
E0192,Deepa,Iyer,deepa.iyer192@company.com,,,Delhi,ACTIVEDIRECTORYY
E0192,Dee,Iyer,deepa.iyer192@company.com,9337263067,Sales,,PAYROLL
E0192,Deepa,Iyer,deepa.iyer192@company.com,9337263067,Sales,Delhi,HRM
E0193,Sneha,Das,sneha.das193@company.com,9267084105,,Pune,CRM
E0193,Sneha,Das,sneha.das193@company.com,9267084105,Sales,,PAYROLL
E0193,Sneha,Das,sneha.das193@company.com,,,Pune,ACTIVEDIRECTORYY
E0194,Ajay,Verma,ajay.verma194@company.com,9416456852,Marketing,,PAYROLL
E0194,Ajay,Verma,ajay.verma194@company.com,,,Mumbai,ACTIVEDIRECTORYY
E0194,Ajay,Verma,ajay.verma194@company.com,9416456852,Marketing,Mumbai,HRM
E0194,Ajay,Verma,ajay.verma194@company.com,9416456852,,Mumbai,CRM
E0195,Nisha,Singh,nisha.singh195@company.com,9543867246,HR,,PAYROLL
E0195,Nis,Singh,nisha.singh195@company.com,9543867246,,Bengaluru,CRM
E0195,Nisha,Singh,nisha.singh195@company.com,,,Bengaluru,ACTIVEDIRECTORYY
E0196,Deepa,Lee,deepa.lee196@company.com,9421126441,Finance,Hyderabad,HRM
E0196,Deepa,Lee,deepa.lee196@company.com,9421126441,Finance,,PAYROLL
E0196,Deepa,Lee,deepa.lee196@company.com,9421126441,,Hyderabad,CRM
E0196,Dee,Lee,deepa.lee196@company.com,,,Hyderabad,ACTIVEDIRECTORYY
E0197,Sneha,Roy,sneha.roy197@company.com,9896076063,IT,,PAYROLL
E0197,Sneha,Roy,sneha.roy197@company.com,9896076063,IT,Mumbai,HRM
E0197,Sneha,Roy,sneha.roy197@company.com,9896076063,,Mumbai,CRM
E0197,Sneha,Roy,sneha.roy197@company.com,,,Mumbai,ACTIVEDIRECTORYY
E0198,Mee,Gupta,meena.gupta198@company.com,,,Delhi,ACTIVEDIRECTORYY
E0198,Meena,Gupta,meena.gupta198@company.com,9470222856,,Delhi,CRM
E0198,Mee,Gupta,meena.gupta198@company.com,9470222856,HR,Delhi,HRM
E0199,Priya,Smith,priya.smith199@company.com,9417061644,,Hyderabad,CRM
E0199,Priya,Smith,priya.smith199@corp.com,,,Hyderabad,ACTIVEDIRECTORYY
E0199,Priya,Smith,priya.smith199@corp.com,9417061644,Sales,Hyderabad,HRM
E0199,Priya,Smith,priya.smith199@company.com,9417061644,Sales,,PAYROLL
E0200,Sneha,Joseph,sneha.joseph200@company.com,9151785147,,Chennai,CRM
E0200,Sneha,Joseph,sneha.joseph200@company.com,,,Chennai,ACTIVEDIRECTORYY
E0200,Sneha,Joseph,sneha.joseph200@company.com,9151785147,HR,Chennai,HRM
E0200,Sneha,Joseph,sneha.joseph200@company.com,9151785147,HR,,PAYROLL
E0201,Ani,Singh,anita.singh201@company.com,,,Chennai,ACTIVEDIRECTORYY
E0201,Anita,Singh,anita.singh201@company.com,9673879800,,Chennai,CRM
E0201,Anita,Singh,anita.singh201@company.com,9673879808,Marketing,,PAYROLL
E0201,Anita,Singh,anita.singh201@company.com,9673879808,Marketing,Chennai,HRM
E0202,Ajay,Roy,ajay.roy202@company.com,,,Pune,ACTIVEDIRECTORYY
E0202,Ajay,Roy,ajay.roy202@corp.com,9780288196,Sales,Pune,HRM
E0202,Ajay,Roy,ajay.roy202@company.com,9780288196,Sales,,PAYROLL
E0202,Ajay,Roy,ajay.roy202@company.com,9780288196,,Pune,CRM
E0203,Ravi,Kumar,ravi.kumar203@company.com,9861014226,,Delhi,CRM
E0203,Ravi,Kumar,ravi.kumar203@company.com,,,Delhi,ACTIVEDIRECTORYY
E0204,Nisha,Verma,nisha.verma204@company.com,9800128758,,Chennai,CRM
E0204,Nisha,Verma,nisha.verma204@corp.com,9800128758,Marketing,,PAYROLL
E0204,Nisha,Verma,nisha.verma204@company.com,9800128700,Marketing,Chennai,HRM
E0205,Priya,Rao,priya.rao205@company.com,9660631522,,Chennai,CRM
E0205,Pri,Rao,priya.rao205@company.com,9660631522,Operations,,PAYROLL
E0205,Priya,Rao,priya.rao205@company.com,9660631522,Operations,Chennai,HRM
E0205,Pri,Rao,priya.rao205@company.com,,,Chennai,ACTIVEDIRECTORYY
E0206,Sara,Joseph,sara.joseph206@corp.com,9746955257,Marketing,Pune,HRM
E0206,Sar,Joseph,sara.joseph206@company.com,,,Pune,ACTIVEDIRECTORYY
E0206,Sar,Joseph,sara.joseph206@company.com,9746955257,Marketing,,PAYROLL
E0206,Sara,Joseph,sara.joseph206@company.com,9746955257,,Pune,CRM
E0207,Nisha,Iyer,nisha.iyer207@company.com,9919779373,Operations,Mumbai,HRM
E0207,Nisha,Iyer,nisha.iyer207@company.com,9919779373,,Mumbai,CRM
E0207,Nisha,Iyer,nisha.iyer207@company.com,9919779373,Operations,,PAYROLL
E0208,Ravi,Nair,ravi.nair208@company.com,,,Mumbai,ACTIVEDIRECTORYY
E0208,Ravi,Nair,ravi.nair208@company.com,9565190626,Sales,,PAYROLL
E0208,Ravi,Nair,ravi.nair208@company.com,9565190626,,Mumbai,CRM
E0209,Nisha,Das,nisha.das209@company.com,9146228414,IT,,PAYROLL
E0209,Nisha,Das,nisha.das209@company.com,,,Mumbai,ACTIVEDIRECTORYY
E0209,Nis,Das,nisha.das209@company.com,9146228414,,Mumbai,CRM
E0210,Arun,Verma,arun.verma210@company.com,9463492728,,Chennai,CRM
E0210,Arun,Verma,arun.verma210@company.com,9463492728,Sales,Chennai,HRM
E0211,Joh,Lee,john.lee211@company.com,9285253838,Marketing,Delhi,HRM
E0211,John,Lee,john.lee211@corp.com,9285253838,Marketing,,PAYROLL
E0211,John,Lee,john.lee211@company.com,,,Delhi,ACTIVEDIRECTORYY
E0212,Deepa,Gupta,deepa.gupta212@company.com,9142987358,Operations,,PAYROLL
E0212,Deepa,Gupta,deepa.gupta212@company.com,9142987358,Operations,Pune,HRM
E0212,Deepa,Gupta,deepa.gupta212@company.com,,,Pune,ACTIVEDIRECTORYY
E0212,Deepa,Gupta,deepa.gupta212@corp.com,9142987358,,Pune,CRM
E0213,David,Smith,david.smith213@company.com,9283798989,Finance,,PAYROLL
E0214,Nis,Shah,nisha.shah214@company.com,9379244897,,Delhi,CRM
E0214,Nisha,Shah,nisha.shah214@corp.com,9379244800,Sales,,PAYROLL
E0214,Nisha,Shah,nisha.shah214@company.com,,,Delhi,ACTIVEDIRECTORYY
E0215,Sneha,Roy,sneha.roy215@company.com,9123991222,Marketing,Chennai,HRM
E0215,Sneha,Roy,sneha.roy215@corp.com,,,Chennai,ACTIVEDIRECTORYY
E0215,Sneha,Roy,sneha.roy215@company.com,9123991222,Marketing,,PAYROLL
E0216,Deepa,Das,deepa.das216@company.com,9391010858,HR,,PAYROLL
E0216,Deepa,Das,deepa.das216@company.com,,,Chennai,ACTIVEDIRECTORYY
E0216,Deepa,Das,deepa.das216@company.com,9391010858,,Chennai,CRM
E0217,Deepa,Das,deepa.das217@corp.com,9856201778,,Hyderabad,CRM
E0217,Deepa,Das,deepa.das217@company.com,,,Hyderabad,ACTIVEDIRECTORYY
E0218,Deepa,Smith,deepa.smith218@company.com,,,Pune,ACTIVEDIRECTORYY
E0218,Dee,Smith,deepa.smith218@company.com,9736374030,,Pune,CRM
E0219,Joh,Gupta,john.gupta219@company.com,9913478510,Operations,Delhi,HRM
E0219,John,Gupta,john.gupta219@company.com,9913478510,Operations,,PAYROLL
E0219,John,Gupta,john.gupta219@company.com,,,Delhi,ACTIVEDIRECTORYY
E0220,Sneha,Shah,sneha.shah220@company.com,,,Chennai,ACTIVEDIRECTORYY
E0220,Sneha,Shah,sneha.shah220@company.com,9915311965,Marketing,Chennai,HRM
E0220,Sneha,Shah,sneha.shah220@company.com,9915311900,Marketing,,PAYROLL
E0220,Sneha,Shah,sneha.shah220@company.com,9915311900,,Chennai,CRM
E0221,Meena,Das,meena.das221@company.com,9632263775,Finance,,PAYROLL
E0221,Meena,Das,meena.das221@corp.com,9632263775,,Delhi,CRM
E0221,Meena,Das,meena.das221@company.com,,,Delhi,ACTIVEDIRECTORYY
E0222,Priya,Lee,priya.lee222@company.com,9714071423,Finance,Hyderabad,HRM
E0222,Priya,Lee,priya.lee222@company.com,9714071423,Finance,,PAYROLL
E0222,Priya,Lee,priya.lee222@company.com,,,Hyderabad,ACTIVEDIRECTORYY
E0223,Sara,Kumar,sara.kumar223@company.com,9476137783,,Mumbai,CRM
E0223,Sara,Kumar,sara.kumar223@company.com,9476137783,Marketing,Mumbai,HRM
E0223,Sara,Kumar,sara.kumar223@company.com,9476137783,Marketing,,PAYROLL
E0223,Sara,Kumar,sara.kumar223@company.com,,,Mumbai,ACTIVEDIRECTORYY
E0224,Meena,Miller,meena.miller224@company.com,9490296761,Operations,Mumbai,HRM
E0224,Mee,Miller,meena.miller224@company.com,,,Mumbai,ACTIVEDIRECTORYY
E0224,Meena,Miller,meena.miller224@company.com,9490296761,,Mumbai,CRM
E0224,Meena,Miller,meena.miller224@company.com,9490296761,Operations,,PAYROLL
E0225,Ravi,Miller,ravi.miller225@company.com,9784742400,Marketing,,PAYROLL
E0225,Ravi,Miller,ravi.miller225@company.com,,,Delhi,ACTIVEDIRECTORYY
E0225,Ravi,Miller,ravi.miller225@corp.com,9784742434,Marketing,Delhi,HRM
E0226,Meena,Nair,meena.nair226@company.com,9460469130,,Delhi,CRM
E0226,Meena,Nair,meena.nair226@company.com,,,Delhi,ACTIVEDIRECTORYY
E0226,Meena,Nair,meena.nair226@company.com,9460469130,Finance,,PAYROLL
E0226,Meena,Nair,meena.nair226@company.com,9460469130,Finance,Delhi,HRM
E0227,Ajay,Kumar,ajay.kumar227@company.com,9900081524,Finance,Chennai,HRM
E0228,Sneha,Kumar,sneha.kumar228@company.com,,,Bengaluru,ACTIVEDIRECTORYY
E0228,Sneha,Kumar,sneha.kumar228@company.com,9936506404,Operations,Bengaluru,HRM
E0228,Sneha,Kumar,sneha.kumar228@corp.com,9936506404,,Bengaluru,CRM
E0228,Sneha,Kumar,sneha.kumar228@company.com,9936506404,Operations,,PAYROLL
E0229,Anita,Das,anita.das229@company.com,,,Bengaluru,ACTIVEDIRECTORYY
E0229,Anita,Das,anita.das229@corp.com,9613306135,Finance,,PAYROLL
E0229,Anita,Das,anita.das229@corp.com,9613306135,Finance,Bengaluru,HRM
E0230,Ajay,Singh,ajay.singh230@company.com,9163690823,Finance,,PAYROLL
E0230,Ajay,Singh,ajay.singh230@company.com,9163690800,,Delhi,CRM
E0230,Ajay,Singh,ajay.singh230@company.com,,,Delhi,ACTIVEDIRECTORYY
E0230,Ajay,Singh,ajay.singh230@corp.com,9163690823,Finance,Delhi,HRM
E0231,Rahul,Rao,rahul.rao231@company.com,9767966951,IT,Pune,HRM
E0231,Rahul,Rao,rahul.rao231@company.com,,,Pune,ACTIVEDIRECTORYY
E0231,Rahul,Rao,rahul.rao231@company.com,9767966951,IT,,PAYROLL
E0232,Meena,Iyer,meena.iyer232@company.com,9925885846,,Mumbai,CRM
E0232,Meena,Iyer,meena.iyer232@company.com,,,Mumbai,ACTIVEDIRECTORYY
E0232,Meena,Iyer,meena.iyer232@company.com,9925885846,Operations,Mumbai,HRM
E0233,Arun,Gupta,arun.gupta233@company.com,9786698339,HR,Chennai,HRM
E0233,Arun,Gupta,arun.gupta233@company.com,9786698339,HR,,PAYROLL
E0233,Arun,Gupta,arun.gupta233@company.com,9786698339,,Chennai,CRM
E0233,Arun,Gupta,arun.gupta233@company.com,,,Chennai,ACTIVEDIRECTORYY
E0234,Rahul,Gupta,rahul.gupta234@company.com,9516257541,IT,,PAYROLL
E0234,Rahul,Gupta,rahul.gupta234@company.com,9516257541,IT,Mumbai,HRM
E0234,Rahul,Gupta,rahul.gupta234@company.com,9516257541,,Mumbai,CRM
E0234,Rahul,Gupta,rahul.gupta234@company.com,,,Mumbai,ACTIVEDIRECTORYY
E0235,Priya,Verma,priya.verma235@company.com,9417372630,Finance,,PAYROLL
E0235,Priya,Verma,priya.verma235@company.com,9417372630,Finance,Mumbai,HRM
E0235,Priya,Verma,priya.verma235@company.com,,,Mumbai,ACTIVEDIRECTORYY
E0236,Joh,Joseph,john.joseph236@company.com,9783706196,IT,Mumbai,HRM
E0236,John,Joseph,john.joseph236@company.com,9783706196,,Mumbai,CRM
E0236,John,Joseph,john.joseph236@company.com,,,Mumbai,ACTIVEDIRECTORYY
E0236,John,Joseph,john.joseph236@company.com,9783706196,IT,,PAYROLL
E0237,Arun,Joseph,arun.joseph237@company.com,9478053869,,Mumbai,CRM
E0237,Arun,Joseph,arun.joseph237@company.com,9478053869,HR,Mumbai,HRM
E0237,Arun,Joseph,arun.joseph237@company.com,,,Mumbai,ACTIVEDIRECTORYY
E0238,John,Kumar,john.kumar238@company.com,9676371118,HR,,PAYROLL
E0238,Joh,Kumar,john.kumar238@company.com,9676371118,,Chennai,CRM
E0238,John,Kumar,john.kumar238@company.com,9676371118,HR,Chennai,HRM
E0239,Deepa,Roy,deepa.roy239@company.com,9599740421,Finance,,PAYROLL
E0239,Deepa,Roy,deepa.roy239@company.com,9599740421,,Bengaluru,CRM
E0239,Deepa,Roy,deepa.roy239@company.com,9599740421,Finance,Bengaluru,HRM
E0239,Deepa,Roy,deepa.roy239@company.com,,,Bengaluru,ACTIVEDIRECTORYY
E0240,Vijay,Smith,vijay.smith240@company.com,,,Delhi,ACTIVEDIRECTORYY
E0240,Vijay,Smith,vijay.smith240@company.com,9609239299,HR,,PAYROLL
E0240,Vij,Smith,vijay.smith240@company.com,9609239299,HR,Delhi,HRM
E0240,Vijay,Smith,vijay.smith240@company.com,9609239299,,Delhi,CRM
E0241,Nisha,Kumar,nisha.kumar241@company.com,9437314477,,Pune,CRM
E0241,Nisha,Kumar,nisha.kumar241@company.com,9437314477,HR,Pune,HRM
E0241,Nis,Kumar,nisha.kumar241@company.com,,,Pune,ACTIVEDIRECTORYY
E0241,Nisha,Kumar,nisha.kumar241@company.com,9437314477,HR,,PAYROLL
E0242,Priya,Smith,priya.smith242@company.com,9466671038,,Mumbai,CRM
E0242,Priya,Smith,priya.smith242@company.com,,,Mumbai,ACTIVEDIRECTORYY
E0242,Priya,Smith,priya.smith242@company.com,9466671038,Marketing,Mumbai,HRM
E0242,Priya,Smith,priya.smith242@company.com,9466671038,Marketing,,PAYROLL
E0243,Priya,Joseph,priya.joseph243@company.com,9394012400,,Bengaluru,CRM
E0243,Priya,Joseph,priya.joseph243@company.com,9394012400,Sales,,PAYROLL
E0243,Priya,Joseph,priya.joseph243@company.com,,,Bengaluru,ACTIVEDIRECTORYY
E0243,Priya,Joseph,priya.joseph243@company.com,9394012400,Sales,Bengaluru,HRM
E0244,Arun,Kumar,arun.kumar244@corp.com,9936634833,,Mumbai,CRM
E0244,Aru,Kumar,arun.kumar244@company.com,9936634833,Operations,Mumbai,HRM
E0244,Arun,Kumar,arun.kumar244@company.com,,,Mumbai,ACTIVEDIRECTORYY
E0244,Arun,Kumar,arun.kumar244@company.com,9936634833,Operations,,PAYROLL
E0245,David,Roy,david.roy245@company.com,9381722739,,Hyderabad,CRM
E0245,David,Roy,david.roy245@company.com,9381722739,Finance,Hyderabad,HRM
E0245,David,Roy,david.roy245@company.com,9381722739,Finance,,PAYROLL
E0245,David,Roy,david.roy245@company.com,,,Hyderabad,ACTIVEDIRECTORYY
E0246,Nisha,Kumar,nisha.kumar246@company.com,9308274800,,Mumbai,CRM
E0246,Nis,Kumar,nisha.kumar246@company.com,9308274848,Finance,Mumbai,HRM
E0246,Nisha,Kumar,nisha.kumar246@company.com,,,Mumbai,ACTIVEDIRECTORYY
E0247,Rahul,Nair,rahul.nair247@company.com,,,Mumbai,ACTIVEDIRECTORYY
E0247,Rahul,Nair,rahul.nair247@company.com,9483937887,Marketing,,PAYROLL
E0247,Rahul,Nair,rahul.nair247@company.com,9483937887,Marketing,Mumbai,HRM
E0247,Rahul,Nair,rahul.nair247@company.com,9483937887,,Mumbai,CRM
E0248,Joh,Das,john.das248@corp.com,,,Mumbai,ACTIVEDIRECTORYY
E0248,John,Das,john.das248@company.com,9737760068,HR,,PAYROLL
E0248,John,Das,john.das248@corp.com,9737760068,HR,Mumbai,HRM
E0249,Vijay,Roy,vijay.roy249@company.com,9220405497,IT,Bengaluru,HRM
E0249,Vijay,Roy,vijay.roy249@company.com,9220405400,,Bengaluru,CRM
E0249,Vijay,Roy,vijay.roy249@company.com,,,Bengaluru,ACTIVEDIRECTORYY
E0250,Sne,Das,sneha.das250@company.com,9953884741,Operations,Hyderabad,HRM
E0250,Sne,Das,sneha.das250@corp.com,9953884741,,Hyderabad,CRM
